id,kode_provinsi,nama_provinsi,nama_pos_hujan,nama_stasiun_hujan,bulan,jumlah_curah_hujan,satuan,tahun
1,32,JAWA BARAT,CILIWUNG-CISADANE,CIHIDEUNG,JANUARI,45.0,MILIMETER,2015
2,32,JAWA BARAT,CILIWUNG-CISADANE,CIHIDEUNG,FEBRUARI,63.0,MILIMETER,2015
3,32,JAWA BARAT,CILIWUNG-CISADANE,CIHIDEUNG,MARET,62.0,MILIMETER,2015
4,32,JAWA BARAT,CILIWUNG-CISADANE,CIHIDEUNG,APRIL,25.0,MILIMETER,2015
5,32,JAWA BARAT,CILIWUNG-CISADANE,CIHIDEUNG,MEI,58.0,MILIMETER,2015
6,32,JAWA BARAT,CILIWUNG-CISADANE,CIHIDEUNG,JUNI,75.0,MILIMETER,2015
7,32,JAWA BARAT,CILIWUNG-CISADANE,CIHIDEUNG,JULI,14.0,MILIMETER,2015
8,32,JAWA BARAT,CILIWUNG-CISADANE,CIHIDEUNG,AGUSTUS,81.0,MILIMETER,2015
9,32,JAWA BARAT,CILIWUNG-CISADANE,CIHIDEUNG,SEPTEMBER,57.0,MILIMETER,2015
10,32,JAWA BARAT,CILIWUNG-CISADANE,CIHIDEUNG,OKTOBER,64.0,MILIMETER,2015
11,32,JAWA BARAT,CILIWUNG-CISADANE,CIHIDEUNG,NOVEMBER,80.0,MILIMETER,2015
12,32,JAWA BARAT,CILIWUNG-CISADANE,CIHIDEUNG,DESEMBER,52.0,MILIMETER,2015
13,32,JAWA BARAT,CILIWUNG-CISADANE,DEPOK PANCORAN MAS,JANUARI,45.0,MILIMETER,2015
14,32,JAWA BARAT,CILIWUNG-CISADANE,DEPOK PANCORAN MAS,FEBRUARI,63.0,MILIMETER,2015
15,32,JAWA BARAT,CILIWUNG-CISADANE,DEPOK PANCORAN MAS,MARET,50.0,MILIMETER,2015
16,32,JAWA BARAT,CILIWUNG-CISADANE,DEPOK PANCORAN MAS,APRIL,39.0,MILIMETER,2015
17,32,JAWA BARAT,CILIWUNG-CISADANE,DEPOK PANCORAN MAS,MEI,47.5,MILIMETER,2015
18,32,JAWA BARAT,CILIWUNG-CISADANE,DEPOK PANCORAN MAS,JUNI,25.0,MILIMETER,2015
19,32,JAWA BARAT,CILIWUNG-CISADANE,DEPOK PANCORAN MAS,JULI,10.0,MILIMETER,2015
20,32,JAWA BARAT,CILIWUNG-CISADANE,DEPOK PANCORAN MAS,AGUSTUS,0.0,MILIMETER,2015
21,32,JAWA BARAT,CILIWUNG-CISADANE,DEPOK PANCORAN MAS,SEPTEMBER,21.0,MILIMETER,2015
22,32,JAWA BARAT,CILIWUNG-CISADANE,DEPOK PANCORAN MAS,OKTOBER,27.0,MILIMETER,2015
23,32,JAWA BARAT,CILIWUNG-CISADANE,DEPOK PANCORAN MAS,NOVEMBER,47.0,MILIMETER,2015
24,32,JAWA BARAT,CILIWUNG-CISADANE,DEPOK PANCORAN MAS,DESEMBER,130.0,MILIMETER,2015
25,32,JAWA BARAT,CILIWUNG-CISADANE,GUNUNG MAS,JANUARI,60.0,MILIMETER,2015
26,32,JAWA BARAT,CILIWUNG-CISADANE,GUNUNG MAS,FEBRUARI,52.0,MILIMETER,2015
27,32,JAWA BARAT,CILIWUNG-CISADANE,GUNUNG MAS,MARET,69.0,MILIMETER,2015
28,32,JAWA BARAT,CILIWUNG-CISADANE,GUNUNG MAS,APRIL,47.0,MILIMETER,2015
29,32,JAWA BARAT,CILIWUNG-CISADANE,GUNUNG MAS,MEI,113.0,MILIMETER,2015
30,32,JAWA BARAT,CILIWUNG-CISADANE,GUNUNG MAS,JUNI,5.0,MILIMETER,2015
31,32,JAWA BARAT,CILIWUNG-CISADANE,GUNUNG MAS,JULI,0.0,MILIMETER,2015
32,32,JAWA BARAT,CILIWUNG-CISADANE,GUNUNG MAS,AGUSTUS,80.0,MILIMETER,2015
33,32,JAWA BARAT,CILIWUNG-CISADANE,GUNUNG MAS,SEPTEMBER,9.0,MILIMETER,2015
34,32,JAWA BARAT,CILIWUNG-CISADANE,GUNUNG MAS,OKTOBER,18.0,MILIMETER,2015
35,32,JAWA BARAT,CILIWUNG-CISADANE,GUNUNG MAS,NOVEMBER,90.5,MILIMETER,2015
36,32,JAWA BARAT,CILIWUNG-CISADANE,GUNUNG MAS,DESEMBER,130.0,MILIMETER,2015
37,32,JAWA BARAT,CILIWUNG-CISADANE,KURIPAN,JANUARI,54.0,MILIMETER,2015
38,32,JAWA BARAT,CILIWUNG-CISADANE,KURIPAN,FEBRUARI,85.0,MILIMETER,2015
39,32,JAWA BARAT,CILIWUNG-CISADANE,KURIPAN,MARET,148.0,MILIMETER,2015
40,32,JAWA BARAT,CILIWUNG-CISADANE,KURIPAN,APRIL,69.0,MILIMETER,2015
41,32,JAWA BARAT,CILIWUNG-CISADANE,KURIPAN,MEI,75.0,MILIMETER,2015
42,32,JAWA BARAT,CILIWUNG-CISADANE,KURIPAN,JUNI,49.0,MILIMETER,2015
43,32,JAWA BARAT,CILIWUNG-CISADANE,KURIPAN,JULI,35.0,MILIMETER,2015
44,32,JAWA BARAT,CILIWUNG-CISADANE,KURIPAN,AGUSTUS,21.0,MILIMETER,2015
45,32,JAWA BARAT,CILIWUNG-CISADANE,KURIPAN,SEPTEMBER,70.0,MILIMETER,2015
46,32,JAWA BARAT,CILIWUNG-CISADANE,KURIPAN,OKTOBER,27.0,MILIMETER,2015
47,32,JAWA BARAT,CILIWUNG-CISADANE,KURIPAN,NOVEMBER,96.0,MILIMETER,2015
48,32,JAWA BARAT,CILIWUNG-CISADANE,KURIPAN,DESEMBER,130.0,MILIMETER,2015
49,32,JAWA BARAT,CILIWUNG-CISADANE,CIHIDEUNG,JANUARI,40.0,MILIMETER,2016
50,32,JAWA BARAT,CILIWUNG-CISADANE,CIHIDEUNG,FEBRUARI,26.0,MILIMETER,2016
51,32,JAWA BARAT,CILIWUNG-CISADANE,CIHIDEUNG,MARET,45.0,MILIMETER,2016
52,32,JAWA BARAT,CILIWUNG-CISADANE,CIHIDEUNG,APRIL,58.0,MILIMETER,2016
53,32,JAWA BARAT,CILIWUNG-CISADANE,CIHIDEUNG,MEI,18.0,MILIMETER,2016
54,32,JAWA BARAT,CILIWUNG-CISADANE,CIHIDEUNG,JUNI,35.0,MILIMETER,2016
55,32,JAWA BARAT,CILIWUNG-CISADANE,CIHIDEUNG,JULI,52.0,MILIMETER,2016
56,32,JAWA BARAT,CILIWUNG-CISADANE,CIHIDEUNG,AGUSTUS,63.0,MILIMETER,2016
57,32,JAWA BARAT,CILIWUNG-CISADANE,CIHIDEUNG,SEPTEMBER,101.0,MILIMETER,2016
58,32,JAWA BARAT,CILIWUNG-CISADANE,CIHIDEUNG,OKTOBER,91.0,MILIMETER,2016
59,32,JAWA BARAT,CILIWUNG-CISADANE,CIHIDEUNG,NOVEMBER,46.0,MILIMETER,2016
60,32,JAWA BARAT,CILIWUNG-CISADANE,CIHIDEUNG,DESEMBER,39.0,MILIMETER,2016
61,32,JAWA BARAT,CILIWUNG-CISADANE,DEPOK PANCORAN MAS,JANUARI,109.0,MILIMETER,2016
62,32,JAWA BARAT,CILIWUNG-CISADANE,DEPOK PANCORAN MAS,FEBRUARI,53.0,MILIMETER,2016
63,32,JAWA BARAT,CILIWUNG-CISADANE,DEPOK PANCORAN MAS,MARET,88.0,MILIMETER,2016
64,32,JAWA BARAT,CILIWUNG-CISADANE,DEPOK PANCORAN MAS,APRIL,41.0,MILIMETER,2016
65,32,JAWA BARAT,CILIWUNG-CISADANE,DEPOK PANCORAN MAS,MEI,91.0,MILIMETER,2016
66,32,JAWA BARAT,CILIWUNG-CISADANE,DEPOK PANCORAN MAS,JUNI,84.0,MILIMETER,2016
67,32,JAWA BARAT,CILIWUNG-CISADANE,DEPOK PANCORAN MAS,JULI,53.0,MILIMETER,2016
68,32,JAWA BARAT,CILIWUNG-CISADANE,DEPOK PANCORAN MAS,AGUSTUS,45.0,MILIMETER,2016
69,32,JAWA BARAT,CILIWUNG-CISADANE,DEPOK PANCORAN MAS,SEPTEMBER,51.0,MILIMETER,2016
70,32,JAWA BARAT,CILIWUNG-CISADANE,DEPOK PANCORAN MAS,OKTOBER,34.0,MILIMETER,2016
71,32,JAWA BARAT,CILIWUNG-CISADANE,DEPOK PANCORAN MAS,NOVEMBER,54.0,MILIMETER,2016
72,32,JAWA BARAT,CILIWUNG-CISADANE,DEPOK PANCORAN MAS,DESEMBER,58.0,MILIMETER,2016
73,32,JAWA BARAT,CILIWUNG-CISADANE,GUNUNG MAS,JANUARI,95.0,MILIMETER,2016
74,32,JAWA BARAT,CILIWUNG-CISADANE,GUNUNG MAS,FEBRUARI,61.0,MILIMETER,2016
75,32,JAWA BARAT,CILIWUNG-CISADANE,GUNUNG MAS,MARET,55.0,MILIMETER,2016
76,32,JAWA BARAT,CILIWUNG-CISADANE,GUNUNG MAS,APRIL,98.0,MILIMETER,2016
77,32,JAWA BARAT,CILIWUNG-CISADANE,GUNUNG MAS,MEI,49.0,MILIMETER,2016
78,32,JAWA BARAT,CILIWUNG-CISADANE,GUNUNG MAS,JUNI,11.0,MILIMETER,2016
79,32,JAWA BARAT,CILIWUNG-CISADANE,GUNUNG MAS,JULI,75.0,MILIMETER,2016
80,32,JAWA BARAT,CILIWUNG-CISADANE,GUNUNG MAS,AGUSTUS,22.0,MILIMETER,2016
81,32,JAWA BARAT,CILIWUNG-CISADANE,GUNUNG MAS,SEPTEMBER,39.0,MILIMETER,2016
82,32,JAWA BARAT,CILIWUNG-CISADANE,GUNUNG MAS,OKTOBER,59.0,MILIMETER,2016
83,32,JAWA BARAT,CILIWUNG-CISADANE,GUNUNG MAS,NOVEMBER,51.0,MILIMETER,2016
84,32,JAWA BARAT,CILIWUNG-CISADANE,GUNUNG MAS,DESEMBER,30.0,MILIMETER,2016
85,32,JAWA BARAT,CILIWUNG-CISADANE,KURIPAN,JANUARI,65.0,MILIMETER,2016
86,32,JAWA BARAT,CILIWUNG-CISADANE,KURIPAN,FEBRUARI,28.0,MILIMETER,2016
87,32,JAWA BARAT,CILIWUNG-CISADANE,KURIPAN,MARET,59.0,MILIMETER,2016
88,32,JAWA BARAT,CILIWUNG-CISADANE,KURIPAN,APRIL,58.0,MILIMETER,2016
89,32,JAWA BARAT,CILIWUNG-CISADANE,KURIPAN,MEI,61.0,MILIMETER,2016
90,32,JAWA BARAT,CILIWUNG-CISADANE,KURIPAN,JUNI,76.0,MILIMETER,2016
91,32,JAWA BARAT,CILIWUNG-CISADANE,KURIPAN,JULI,52.0,MILIMETER,2016
92,32,JAWA BARAT,CILIWUNG-CISADANE,KURIPAN,AGUSTUS,67.0,MILIMETER,2016
93,32,JAWA BARAT,CILIWUNG-CISADANE,KURIPAN,SEPTEMBER,45.0,MILIMETER,2016
94,32,JAWA BARAT,CILIWUNG-CISADANE,KURIPAN,OKTOBER,28.0,MILIMETER,2016
95,32,JAWA BARAT,CILIWUNG-CISADANE,KURIPAN,NOVEMBER,47.0,MILIMETER,2016
96,32,JAWA BARAT,CILIWUNG-CISADANE,KURIPAN,DESEMBER,35.0,MILIMETER,2016
97,32,JAWA BARAT,CILIWUNG-CISADANE,CIHIDEUNG,JANUARI,43.0,MILIMETER,2017
98,32,JAWA BARAT,CILIWUNG-CISADANE,CIHIDEUNG,FEBRUARI,74.0,MILIMETER,2017
99,32,JAWA BARAT,CILIWUNG-CISADANE,CIHIDEUNG,MARET,64.0,MILIMETER,2017
100,32,JAWA BARAT,CILIWUNG-CISADANE,CIHIDEUNG,APRIL,40.0,MILIMETER,2017
101,32,JAWA BARAT,CILIWUNG-CISADANE,CIHIDEUNG,MEI,75.0,MILIMETER,2017
102,32,JAWA BARAT,CILIWUNG-CISADANE,CIHIDEUNG,JUNI,73.0,MILIMETER,2017
103,32,JAWA BARAT,CILIWUNG-CISADANE,CIHIDEUNG,JULI,77.0,MILIMETER,2017
104,32,JAWA BARAT,CILIWUNG-CISADANE,CIHIDEUNG,AGUSTUS,55.0,MILIMETER,2017
105,32,JAWA BARAT,CILIWUNG-CISADANE,CIHIDEUNG,SEPTEMBER,65.0,MILIMETER,2017
106,32,JAWA BARAT,CILIWUNG-CISADANE,CIHIDEUNG,OKTOBER,85.0,MILIMETER,2017
107,32,JAWA BARAT,CILIWUNG-CISADANE,CIHIDEUNG,NOVEMBER,46.0,MILIMETER,2017
108,32,JAWA BARAT,CILIWUNG-CISADANE,CIHIDEUNG,DESEMBER,73.0,MILIMETER,2017
109,32,JAWA BARAT,CILIWUNG-CISADANE,DEPOK PANCORAN MAS,JANUARI,42.0,MILIMETER,2017
110,32,JAWA BARAT,CILIWUNG-CISADANE,DEPOK PANCORAN MAS,FEBRUARI,70.0,MILIMETER,2017
111,32,JAWA BARAT,CILIWUNG-CISADANE,DEPOK PANCORAN MAS,MARET,68.0,MILIMETER,2017
112,32,JAWA BARAT,CILIWUNG-CISADANE,DEPOK PANCORAN MAS,APRIL,68.0,MILIMETER,2017
113,32,JAWA BARAT,CILIWUNG-CISADANE,DEPOK PANCORAN MAS,MEI,62.0,MILIMETER,2017
114,32,JAWA BARAT,CILIWUNG-CISADANE,DEPOK PANCORAN MAS,JUNI,68.0,MILIMETER,2017
115,32,JAWA BARAT,CILIWUNG-CISADANE,DEPOK PANCORAN MAS,JULI,52.0,MILIMETER,2017
116,32,JAWA BARAT,CILIWUNG-CISADANE,DEPOK PANCORAN MAS,AGUSTUS,85.0,MILIMETER,2017
117,32,JAWA BARAT,CILIWUNG-CISADANE,DEPOK PANCORAN MAS,SEPTEMBER,61.0,MILIMETER,2017
118,32,JAWA BARAT,CILIWUNG-CISADANE,DEPOK PANCORAN MAS,OKTOBER,65.0,MILIMETER,2017
119,32,JAWA BARAT,CILIWUNG-CISADANE,DEPOK PANCORAN MAS,NOVEMBER,40.0,MILIMETER,2017
120,32,JAWA BARAT,CILIWUNG-CISADANE,DEPOK PANCORAN MAS,DESEMBER,45.0,MILIMETER,2017
121,32,JAWA BARAT,CILIWUNG-CISADANE,GUNUNG MAS,JANUARI,45.0,MILIMETER,2017
122,32,JAWA BARAT,CILIWUNG-CISADANE,GUNUNG MAS,FEBRUARI,80.0,MILIMETER,2017
123,32,JAWA BARAT,CILIWUNG-CISADANE,GUNUNG MAS,MARET,57.0,MILIMETER,2017
124,32,JAWA BARAT,CILIWUNG-CISADANE,GUNUNG MAS,APRIL,55.0,MILIMETER,2017
125,32,JAWA BARAT,CILIWUNG-CISADANE,GUNUNG MAS,MEI,59.5,MILIMETER,2017
126,32,JAWA BARAT,CILIWUNG-CISADANE,GUNUNG MAS,JUNI,31.0,MILIMETER,2017
127,32,JAWA BARAT,CILIWUNG-CISADANE,GUNUNG MAS,JULI,35.0,MILIMETER,2017
128,32,JAWA BARAT,CILIWUNG-CISADANE,GUNUNG MAS,AGUSTUS,59.0,MILIMETER,2017
129,32,JAWA BARAT,CILIWUNG-CISADANE,GUNUNG MAS,SEPTEMBER,14.0,MILIMETER,2017
130,32,JAWA BARAT,CILIWUNG-CISADANE,GUNUNG MAS,OKTOBER,84.0,MILIMETER,2017
131,32,JAWA BARAT,CILIWUNG-CISADANE,GUNUNG MAS,NOVEMBER,68.0,MILIMETER,2017
132,32,JAWA BARAT,CILIWUNG-CISADANE,GUNUNG MAS,DESEMBER,48.5,MILIMETER,2017
133,32,JAWA BARAT,CILIWUNG-CISADANE,KURIPAN,JANUARI,92.0,MILIMETER,2017
134,32,JAWA BARAT,CILIWUNG-CISADANE,KURIPAN,FEBRUARI,77.0,MILIMETER,2017
135,32,JAWA BARAT,CILIWUNG-CISADANE,KURIPAN,MARET,63.0,MILIMETER,2017
136,32,JAWA BARAT,CILIWUNG-CISADANE,KURIPAN,APRIL,76.0,MILIMETER,2017
137,32,JAWA BARAT,CILIWUNG-CISADANE,KURIPAN,MEI,79.0,MILIMETER,2017
138,32,JAWA BARAT,CILIWUNG-CISADANE,KURIPAN,JUNI,15.0,MILIMETER,2017
139,32,JAWA BARAT,CILIWUNG-CISADANE,KURIPAN,JULI,27.0,MILIMETER,2017
140,32,JAWA BARAT,CILIWUNG-CISADANE,KURIPAN,AGUSTUS,74.0,MILIMETER,2017
141,32,JAWA BARAT,CILIWUNG-CISADANE,KURIPAN,SEPTEMBER,105.0,MILIMETER,2017
142,32,JAWA BARAT,CILIWUNG-CISADANE,KURIPAN,OKTOBER,70.0,MILIMETER,2017
143,32,JAWA BARAT,CILIWUNG-CISADANE,KURIPAN,NOVEMBER,60.0,MILIMETER,2017
144,32,JAWA BARAT,CILIWUNG-CISADANE,KURIPAN,DESEMBER,51.0,MILIMETER,2017
145,32,JAWA BARAT,CILIWUNG-CISADANE,CIHIDEUNG,JANUARI,30.0,MILIMETER,2018
146,32,JAWA BARAT,CILIWUNG-CISADANE,CIHIDEUNG,FEBRUARI,63.0,MILIMETER,2018
147,32,JAWA BARAT,CILIWUNG-CISADANE,CIHIDEUNG,MARET,46.0,MILIMETER,2018
148,32,JAWA BARAT,CILIWUNG-CISADANE,CIHIDEUNG,APRIL,77.0,MILIMETER,2018
149,32,JAWA BARAT,CILIWUNG-CISADANE,CIHIDEUNG,MEI,84.0,MILIMETER,2018
150,32,JAWA BARAT,CILIWUNG-CISADANE,CIHIDEUNG,JUNI,74.0,MILIMETER,2018
151,32,JAWA BARAT,CILIWUNG-CISADANE,CIHIDEUNG,JULI,26.0,MILIMETER,2018
152,32,JAWA BARAT,CILIWUNG-CISADANE,CIHIDEUNG,AGUSTUS,7.0,MILIMETER,2018
153,32,JAWA BARAT,CILIWUNG-CISADANE,CIHIDEUNG,SEPTEMBER,87.0,MILIMETER,2018
154,32,JAWA BARAT,CILIWUNG-CISADANE,CIHIDEUNG,OKTOBER,55.0,MILIMETER,2018
155,32,JAWA BARAT,CILIWUNG-CISADANE,CIHIDEUNG,NOVEMBER,66.0,MILIMETER,2018
156,32,JAWA BARAT,CILIWUNG-CISADANE,CIHIDEUNG,DESEMBER,68.0,MILIMETER,2018
157,32,JAWA BARAT,CILIWUNG-CISADANE,DEPOK PANCORAN MAS,JANUARI,56.0,MILIMETER,2018
158,32,JAWA BARAT,CILIWUNG-CISADANE,DEPOK PANCORAN MAS,FEBRUARI,42.0,MILIMETER,2018
159,32,JAWA BARAT,CILIWUNG-CISADANE,DEPOK PANCORAN MAS,MARET,32.0,MILIMETER,2018
160,32,JAWA BARAT,CILIWUNG-CISADANE,DEPOK PANCORAN MAS,APRIL,55.0,MILIMETER,2018
161,32,JAWA BARAT,CILIWUNG-CISADANE,DEPOK PANCORAN MAS,MEI,64.0,MILIMETER,2018
162,32,JAWA BARAT,CILIWUNG-CISADANE,DEPOK PANCORAN MAS,JUNI,112.0,MILIMETER,2018
163,32,JAWA BARAT,CILIWUNG-CISADANE,DEPOK PANCORAN MAS,JULI,38.0,MILIMETER,2018
164,32,JAWA BARAT,CILIWUNG-CISADANE,DEPOK PANCORAN MAS,AGUSTUS,68.0,MILIMETER,2018
165,32,JAWA BARAT,CILIWUNG-CISADANE,DEPOK PANCORAN MAS,SEPTEMBER,51.0,MILIMETER,2018
166,32,JAWA BARAT,CILIWUNG-CISADANE,DEPOK PANCORAN MAS,OKTOBER,58.0,MILIMETER,2018
167,32,JAWA BARAT,CILIWUNG-CISADANE,DEPOK PANCORAN MAS,NOVEMBER,37.0,MILIMETER,2018
168,32,JAWA BARAT,CILIWUNG-CISADANE,DEPOK PANCORAN MAS,DESEMBER,15.0,MILIMETER,2018
169,32,JAWA BARAT,CILIWUNG-CISADANE,GUNUNG MAS,JANUARI,65.5,MILIMETER,2018
170,32,JAWA BARAT,CILIWUNG-CISADANE,GUNUNG MAS,FEBRUARI,252.5,MILIMETER,2018
171,32,JAWA BARAT,CILIWUNG-CISADANE,GUNUNG MAS,MARET,70.0,MILIMETER,2018
172,32,JAWA BARAT,CILIWUNG-CISADANE,GUNUNG MAS,APRIL,72.0,MILIMETER,2018
173,32,JAWA BARAT,CILIWUNG-CISADANE,GUNUNG MAS,MEI,96.0,MILIMETER,2018
174,32,JAWA BARAT,CILIWUNG-CISADANE,GUNUNG MAS,JUNI,60.0,MILIMETER,2018
175,32,JAWA BARAT,CILIWUNG-CISADANE,GUNUNG MAS,JULI,52.0,MILIMETER,2018
176,32,JAWA BARAT,CILIWUNG-CISADANE,GUNUNG MAS,AGUSTUS,5.0,MILIMETER,2018
177,32,JAWA BARAT,CILIWUNG-CISADANE,GUNUNG MAS,SEPTEMBER,53.5,MILIMETER,2018
178,32,JAWA BARAT,CILIWUNG-CISADANE,GUNUNG MAS,OKTOBER,45.0,MILIMETER,2018
179,32,JAWA BARAT,CILIWUNG-CISADANE,GUNUNG MAS,NOVEMBER,61.5,MILIMETER,2018
180,32,JAWA BARAT,CILIWUNG-CISADANE,GUNUNG MAS,DESEMBER,34.0,MILIMETER,2018
181,32,JAWA BARAT,CILIWUNG-CISADANE,KURIPAN,JANUARI,19.0,MILIMETER,2018
182,32,JAWA BARAT,CILIWUNG-CISADANE,KURIPAN,FEBRUARI,51.0,MILIMETER,2018
183,32,JAWA BARAT,CILIWUNG-CISADANE,KURIPAN,MARET,67.0,MILIMETER,2018
184,32,JAWA BARAT,CILIWUNG-CISADANE,KURIPAN,APRIL,41.0,MILIMETER,2018
185,32,JAWA BARAT,CILIWUNG-CISADANE,KURIPAN,MEI,43.0,MILIMETER,2018
186,32,JAWA BARAT,CILIWUNG-CISADANE,KURIPAN,JUNI,61.0,MILIMETER,2018
187,32,JAWA BARAT,CILIWUNG-CISADANE,KURIPAN,JULI,2.5,MILIMETER,2018
188,32,JAWA BARAT,CILIWUNG-CISADANE,KURIPAN,AGUSTUS,5.0,MILIMETER,2018
189,32,JAWA BARAT,CILIWUNG-CISADANE,KURIPAN,SEPTEMBER,11.0,MILIMETER,2018
190,32,JAWA BARAT,CILIWUNG-CISADANE,KURIPAN,OKTOBER,64.0,MILIMETER,2018
191,32,JAWA BARAT,CILIWUNG-CISADANE,KURIPAN,NOVEMBER,45.0,MILIMETER,2018
192,32,JAWA BARAT,CILIWUNG-CISADANE,KURIPAN,DESEMBER,56.0,MILIMETER,2018
193,32,JAWA BARAT,CILIWUNG-CISADANE,CIHIDEUNG,JANUARI,62.0,MILIMETER,2019
194,32,JAWA BARAT,CILIWUNG-CISADANE,CIHIDEUNG,FEBRUARI,58.0,MILIMETER,2019
195,32,JAWA BARAT,CILIWUNG-CISADANE,CIHIDEUNG,MARET,108.0,MILIMETER,2019
196,32,JAWA BARAT,CILIWUNG-CISADANE,CIHIDEUNG,APRIL,97.0,MILIMETER,2019
197,32,JAWA BARAT,CILIWUNG-CISADANE,CIHIDEUNG,MEI,79.0,MILIMETER,2019
198,32,JAWA BARAT,CILIWUNG-CISADANE,CIHIDEUNG,JUNI,44.0,MILIMETER,2019
199,32,JAWA BARAT,CILIWUNG-CISADANE,CIHIDEUNG,JULI,65.0,MILIMETER,2019
200,32,JAWA BARAT,CILIWUNG-CISADANE,CIHIDEUNG,AGUSTUS,113.0,MILIMETER,2019
201,32,JAWA BARAT,CILIWUNG-CISADANE,CIHIDEUNG,SEPTEMBER,34.0,MILIMETER,2019
202,32,JAWA BARAT,CILIWUNG-CISADANE,CIHIDEUNG,OKTOBER,72.0,MILIMETER,2019
203,32,JAWA BARAT,CILIWUNG-CISADANE,CIHIDEUNG,NOVEMBER,78.0,MILIMETER,2019
204,32,JAWA BARAT,CILIWUNG-CISADANE,CIHIDEUNG,DESEMBER,91.0,MILIMETER,2019
205,32,JAWA BARAT,CILIWUNG-CISADANE,DEPOK PANCORAN MAS,JANUARI,57.0,MILIMETER,2019
206,32,JAWA BARAT,CILIWUNG-CISADANE,DEPOK PANCORAN MAS,FEBRUARI,37.0,MILIMETER,2019
207,32,JAWA BARAT,CILIWUNG-CISADANE,DEPOK PANCORAN MAS,MARET,48.0,MILIMETER,2019
208,32,JAWA BARAT,CILIWUNG-CISADANE,DEPOK PANCORAN MAS,APRIL,85.5,MILIMETER,2019
209,32,JAWA BARAT,CILIWUNG-CISADANE,DEPOK PANCORAN MAS,MEI,36.0,MILIMETER,2019
210,32,JAWA BARAT,CILIWUNG-CISADANE,DEPOK PANCORAN MAS,JUNI,42.5,MILIMETER,2019
211,32,JAWA BARAT,CILIWUNG-CISADANE,DEPOK PANCORAN MAS,JULI,32.0,MILIMETER,2019
212,32,JAWA BARAT,CILIWUNG-CISADANE,DEPOK PANCORAN MAS,AGUSTUS,47.0,MILIMETER,2019
213,32,JAWA BARAT,CILIWUNG-CISADANE,DEPOK PANCORAN MAS,SEPTEMBER,0.0,MILIMETER,2019
214,32,JAWA BARAT,CILIWUNG-CISADANE,DEPOK PANCORAN MAS,OKTOBER,38.0,MILIMETER,2019
215,32,JAWA BARAT,CILIWUNG-CISADANE,DEPOK PANCORAN MAS,NOVEMBER,52.0,MILIMETER,2019
216,32,JAWA BARAT,CILIWUNG-CISADANE,DEPOK PANCORAN MAS,DESEMBER,68.0,MILIMETER,2019
217,32,JAWA BARAT,CILIWUNG-CISADANE,GUNUNG MAS,JANUARI,28.0,MILIMETER,2019
218,32,JAWA BARAT,CILIWUNG-CISADANE,GUNUNG MAS,FEBRUARI,86.0,MILIMETER,2019
219,32,JAWA BARAT,CILIWUNG-CISADANE,GUNUNG MAS,MARET,28.0,MILIMETER,2019
220,32,JAWA BARAT,CILIWUNG-CISADANE,GUNUNG MAS,APRIL,127.0,MILIMETER,2019
221,32,JAWA BARAT,CILIWUNG-CISADANE,GUNUNG MAS,MEI,20.0,MILIMETER,2019
222,32,JAWA BARAT,CILIWUNG-CISADANE,GUNUNG MAS,JUNI,32.0,MILIMETER,2019
223,32,JAWA BARAT,CILIWUNG-CISADANE,GUNUNG MAS,JULI,16.0,MILIMETER,2019
224,32,JAWA BARAT,CILIWUNG-CISADANE,GUNUNG MAS,AGUSTUS,2.0,MILIMETER,2019
225,32,JAWA BARAT,CILIWUNG-CISADANE,GUNUNG MAS,SEPTEMBER,3.0,MILIMETER,2019
226,32,JAWA BARAT,CILIWUNG-CISADANE,GUNUNG MAS,OKTOBER,59.5,MILIMETER,2019
227,32,JAWA BARAT,CILIWUNG-CISADANE,GUNUNG MAS,NOVEMBER,21.0,MILIMETER,2019
228,32,JAWA BARAT,CILIWUNG-CISADANE,GUNUNG MAS,DESEMBER,46.0,MILIMETER,2019
229,32,JAWA BARAT,CILIWUNG-CISADANE,KURIPAN,JANUARI,49.0,MILIMETER,2019
230,32,JAWA BARAT,CILIWUNG-CISADANE,KURIPAN,FEBRUARI,10.0,MILIMETER,2019
231,32,JAWA BARAT,CILIWUNG-CISADANE,KURIPAN,MARET,30.0,MILIMETER,2019
232,32,JAWA BARAT,CILIWUNG-CISADANE,KURIPAN,APRIL,69.0,MILIMETER,2019
233,32,JAWA BARAT,CILIWUNG-CISADANE,KURIPAN,MEI,73.0,MILIMETER,2019
234,32,JAWA BARAT,CILIWUNG-CISADANE,KURIPAN,JUNI,41.0,MILIMETER,2019
235,32,JAWA BARAT,CILIWUNG-CISADANE,KURIPAN,JULI,40.0,MILIMETER,2019
236,32,JAWA BARAT,CILIWUNG-CISADANE,KURIPAN,AGUSTUS,118.0,MILIMETER,2019
237,32,JAWA BARAT,CILIWUNG-CISADANE,KURIPAN,SEPTEMBER,46.0,MILIMETER,2019
238,32,JAWA BARAT,CILIWUNG-CISADANE,KURIPAN,OKTOBER,19.0,MILIMETER,2019
239,32,JAWA BARAT,CILIWUNG-CISADANE,KURIPAN,NOVEMBER,87.0,MILIMETER,2019
240,32,JAWA BARAT,CILIWUNG-CISADANE,KURIPAN,DESEMBER,70.0,MILIMETER,2019
241,32,JAWA BARAT,CILIWUNG-CISADANE,CIHIDEUNG,JANUARI,91.0,MILIMETER,2020
242,32,JAWA BARAT,CILIWUNG-CISADANE,CIHIDEUNG,FEBRUARI,51.0,MILIMETER,2020
243,32,JAWA BARAT,CILIWUNG-CISADANE,CIHIDEUNG,MARET,56.0,MILIMETER,2020
244,32,JAWA BARAT,CILIWUNG-CISADANE,CIHIDEUNG,APRIL,47.0,MILIMETER,2020
245,32,JAWA BARAT,CILIWUNG-CISADANE,CIHIDEUNG,MEI,72.0,MILIMETER,2020
246,32,JAWA BARAT,CILIWUNG-CISADANE,CIHIDEUNG,JUNI,31.0,MILIMETER,2020
247,32,JAWA BARAT,CILIWUNG-CISADANE,CIHIDEUNG,JULI,61.0,MILIMETER,2020
248,32,JAWA BARAT,CILIWUNG-CISADANE,CIHIDEUNG,AGUSTUS,69.0,MILIMETER,2020
249,32,JAWA BARAT,CILIWUNG-CISADANE,CIHIDEUNG,SEPTEMBER,31.0,MILIMETER,2020
250,32,JAWA BARAT,CILIWUNG-CISADANE,CIHIDEUNG,OKTOBER,80.0,MILIMETER,2020
251,32,JAWA BARAT,CILIWUNG-CISADANE,CIHIDEUNG,NOVEMBER,96.0,MILIMETER,2020
252,32,JAWA BARAT,CILIWUNG-CISADANE,CIHIDEUNG,DESEMBER,21.0,MILIMETER,2020
253,32,JAWA BARAT,CILIWUNG-CISADANE,DEPOK PANCORAN MAS,JANUARI,26.0,MILIMETER,2020
254,32,JAWA BARAT,CILIWUNG-CISADANE,DEPOK PANCORAN MAS,FEBRUARI,120.0,MILIMETER,2020
255,32,JAWA BARAT,CILIWUNG-CISADANE,DEPOK PANCORAN MAS,MARET,37.0,MILIMETER,2020
256,32,JAWA BARAT,CILIWUNG-CISADANE,DEPOK PANCORAN MAS,APRIL,32.0,MILIMETER,2020
257,32,JAWA BARAT,CILIWUNG-CISADANE,DEPOK PANCORAN MAS,MEI,45.0,MILIMETER,2020
258,32,JAWA BARAT,CILIWUNG-CISADANE,DEPOK PANCORAN MAS,JUNI,38.0,MILIMETER,2020
259,32,JAWA BARAT,CILIWUNG-CISADANE,DEPOK PANCORAN MAS,JULI,42.0,MILIMETER,2020
260,32,JAWA BARAT,CILIWUNG-CISADANE,DEPOK PANCORAN MAS,AGUSTUS,54.0,MILIMETER,2020
261,32,JAWA BARAT,CILIWUNG-CISADANE,DEPOK PANCORAN MAS,SEPTEMBER,51.0,MILIMETER,2020
262,32,JAWA BARAT,CILIWUNG-CISADANE,DEPOK PANCORAN MAS,OKTOBER,63.0,MILIMETER,2020
263,32,JAWA BARAT,CILIWUNG-CISADANE,DEPOK PANCORAN MAS,NOVEMBER,32.0,MILIMETER,2020
264,32,JAWA BARAT,CILIWUNG-CISADANE,DEPOK PANCORAN MAS,DESEMBER,45.0,MILIMETER,2020
265,32,JAWA BARAT,CILIWUNG-CISADANE,GUNUNG MAS,JANUARI,66.0,MILIMETER,2020
266,32,JAWA BARAT,CILIWUNG-CISADANE,GUNUNG MAS,FEBRUARI,113.0,MILIMETER,2020
267,32,JAWA BARAT,CILIWUNG-CISADANE,GUNUNG MAS,MARET,53.0,MILIMETER,2020
268,32,JAWA BARAT,CILIWUNG-CISADANE,GUNUNG MAS,APRIL,48.5,MILIMETER,2020
269,32,JAWA BARAT,CILIWUNG-CISADANE,GUNUNG MAS,MEI,88.0,MILIMETER,2020
270,32,JAWA BARAT,CILIWUNG-CISADANE,GUNUNG MAS,JUNI,14.0,MILIMETER,2020
271,32,JAWA BARAT,CILIWUNG-CISADANE,GUNUNG MAS,JULI,7.5,MILIMETER,2020
272,32,JAWA BARAT,CILIWUNG-CISADANE,GUNUNG MAS,AGUSTUS,3.0,MILIMETER,2020
273,32,JAWA BARAT,CILIWUNG-CISADANE,GUNUNG MAS,SEPTEMBER,48.0,MILIMETER,2020
274,32,JAWA BARAT,CILIWUNG-CISADANE,GUNUNG MAS,OKTOBER,73.5,MILIMETER,2020
275,32,JAWA BARAT,CILIWUNG-CISADANE,GUNUNG MAS,NOVEMBER,75.0,MILIMETER,2020
276,32,JAWA BARAT,CILIWUNG-CISADANE,GUNUNG MAS,DESEMBER,101.0,MILIMETER,2020
277,32,JAWA BARAT,CILIWUNG-CISADANE,KURIPAN,JANUARI,128.0,MILIMETER,2020
278,32,JAWA BARAT,CILIWUNG-CISADANE,KURIPAN,FEBRUARI,34.0,MILIMETER,2020
279,32,JAWA BARAT,CILIWUNG-CISADANE,KURIPAN,MARET,94.0,MILIMETER,2020
280,32,JAWA BARAT,CILIWUNG-CISADANE,KURIPAN,APRIL,35.5,MILIMETER,2020
281,32,JAWA BARAT,CILIWUNG-CISADANE,KURIPAN,MEI,21.0,MILIMETER,2020
282,32,JAWA BARAT,CILIWUNG-CISADANE,KURIPAN,JUNI,32.0,MILIMETER,2020
283,32,JAWA BARAT,CILIWUNG-CISADANE,KURIPAN,JULI,13.0,MILIMETER,2020
284,32,JAWA BARAT,CILIWUNG-CISADANE,KURIPAN,AGUSTUS,36.0,MILIMETER,2020
285,32,JAWA BARAT,CILIWUNG-CISADANE,KURIPAN,SEPTEMBER,69.0,MILIMETER,2020
286,32,JAWA BARAT,CILIWUNG-CISADANE,KURIPAN,OKTOBER,175.0,MILIMETER,2020
287,32,JAWA BARAT,CILIWUNG-CISADANE,KURIPAN,NOVEMBER,90.5,MILIMETER,2020
288,32,JAWA BARAT,CILIWUNG-CISADANE,KURIPAN,DESEMBER,43.0,MILIMETER,2020
289,32,JAWA BARAT,CILIWUNG-CISADANE,CIHIDEUNG,JANUARI,,MILIMETER,2021
290,32,JAWA BARAT,CILIWUNG-CISADANE,CIHIDEUNG,FEBRUARI,,MILIMETER,2021
291,32,JAWA BARAT,CILIWUNG-CISADANE,CIHIDEUNG,MARET,,MILIMETER,2021
292,32,JAWA BARAT,CILIWUNG-CISADANE,CIHIDEUNG,APRIL,,MILIMETER,2021
293,32,JAWA BARAT,CILIWUNG-CISADANE,CIHIDEUNG,MEI,,MILIMETER,2021
294,32,JAWA BARAT,CILIWUNG-CISADANE,CIHIDEUNG,JUNI,,MILIMETER,2021
295,32,JAWA BARAT,CILIWUNG-CISADANE,CIHIDEUNG,JULI,,MILIMETER,2021
296,32,JAWA BARAT,CILIWUNG-CISADANE,CIHIDEUNG,AGUSTUS,,MILIMETER,2021
297,32,JAWA BARAT,CILIWUNG-CISADANE,CIHIDEUNG,SEPTEMBER,,MILIMETER,2021
298,32,JAWA BARAT,CILIWUNG-CISADANE,CIHIDEUNG,OKTOBER,,MILIMETER,2021
299,32,JAWA BARAT,CILIWUNG-CISADANE,CIHIDEUNG,NOVEMBER,,MILIMETER,2021
300,32,JAWA BARAT,CILIWUNG-CISADANE,CIHIDEUNG,DESEMBER,,MILIMETER,2021
301,32,JAWA BARAT,CILIWUNG-CISADANE,DEPOK PANCORAN MAS,JANUARI,,MILIMETER,2021
302,32,JAWA BARAT,CILIWUNG-CISADANE,DEPOK PANCORAN MAS,FEBRUARI,,MILIMETER,2021
303,32,JAWA BARAT,CILIWUNG-CISADANE,DEPOK PANCORAN MAS,MARET,,MILIMETER,2021
304,32,JAWA BARAT,CILIWUNG-CISADANE,DEPOK PANCORAN MAS,APRIL,,MILIMETER,2021
305,32,JAWA BARAT,CILIWUNG-CISADANE,DEPOK PANCORAN MAS,MEI,,MILIMETER,2021
306,32,JAWA BARAT,CILIWUNG-CISADANE,DEPOK PANCORAN MAS,JUNI,,MILIMETER,2021
307,32,JAWA BARAT,CILIWUNG-CISADANE,DEPOK PANCORAN MAS,JULI,,MILIMETER,2021
308,32,JAWA BARAT,CILIWUNG-CISADANE,DEPOK PANCORAN MAS,AGUSTUS,,MILIMETER,2021
309,32,JAWA BARAT,CILIWUNG-CISADANE,DEPOK PANCORAN MAS,SEPTEMBER,,MILIMETER,2021
310,32,JAWA BARAT,CILIWUNG-CISADANE,DEPOK PANCORAN MAS,OKTOBER,,MILIMETER,2021
311,32,JAWA BARAT,CILIWUNG-CISADANE,DEPOK PANCORAN MAS,NOVEMBER,,MILIMETER,2021
312,32,JAWA BARAT,CILIWUNG-CISADANE,DEPOK PANCORAN MAS,DESEMBER,,MILIMETER,2021
313,32,JAWA BARAT,CILIWUNG-CISADANE,GUNUNG MAS,JANUARI,,MILIMETER,2021
314,32,JAWA BARAT,CILIWUNG-CISADANE,GUNUNG MAS,FEBRUARI,,MILIMETER,2021
315,32,JAWA BARAT,CILIWUNG-CISADANE,GUNUNG MAS,MARET,,MILIMETER,2021
316,32,JAWA BARAT,CILIWUNG-CISADANE,GUNUNG MAS,APRIL,,MILIMETER,2021
317,32,JAWA BARAT,CILIWUNG-CISADANE,GUNUNG MAS,MEI,,MILIMETER,2021
318,32,JAWA BARAT,CILIWUNG-CISADANE,GUNUNG MAS,JUNI,,MILIMETER,2021
319,32,JAWA BARAT,CILIWUNG-CISADANE,GUNUNG MAS,JULI,,MILIMETER,2021
320,32,JAWA BARAT,CILIWUNG-CISADANE,GUNUNG MAS,AGUSTUS,,MILIMETER,2021
321,32,JAWA BARAT,CILIWUNG-CISADANE,GUNUNG MAS,SEPTEMBER,,MILIMETER,2021
322,32,JAWA BARAT,CILIWUNG-CISADANE,GUNUNG MAS,OKTOBER,,MILIMETER,2021
323,32,JAWA BARAT,CILIWUNG-CISADANE,GUNUNG MAS,NOVEMBER,,MILIMETER,2021
324,32,JAWA BARAT,CILIWUNG-CISADANE,GUNUNG MAS,DESEMBER,,MILIMETER,2021
325,32,JAWA BARAT,CILIWUNG-CISADANE,KURIPAN,JANUARI,,MILIMETER,2021
326,32,JAWA BARAT,CILIWUNG-CISADANE,KURIPAN,FEBRUARI,,MILIMETER,2021
327,32,JAWA BARAT,CILIWUNG-CISADANE,KURIPAN,MARET,,MILIMETER,2021
328,32,JAWA BARAT,CILIWUNG-CISADANE,KURIPAN,APRIL,,MILIMETER,2021
329,32,JAWA BARAT,CILIWUNG-CISADANE,KURIPAN,MEI,,MILIMETER,2021
330,32,JAWA BARAT,CILIWUNG-CISADANE,KURIPAN,JUNI,,MILIMETER,2021
331,32,JAWA BARAT,CILIWUNG-CISADANE,KURIPAN,JULI,,MILIMETER,2021
332,32,JAWA BARAT,CILIWUNG-CISADANE,KURIPAN,AGUSTUS,,MILIMETER,2021
333,32,JAWA BARAT,CILIWUNG-CISADANE,KURIPAN,SEPTEMBER,,MILIMETER,2021
334,32,JAWA BARAT,CILIWUNG-CISADANE,KURIPAN,OKTOBER,,MILIMETER,2021
335,32,JAWA BARAT,CILIWUNG-CISADANE,KURIPAN,NOVEMBER,,MILIMETER,2021
336,32,JAWA BARAT,CILIWUNG-CISADANE,KURIPAN,DESEMBER,,MILIMETER,2021
